{
  "controller/Details-dbg.controller.js": 1714388190641,
  "controller/BaseController.js": 1714365875397,
  "model/models.js": 1713959037819,
  "controller/Home.controller.js": 1714367407414,
  "controller/Details.controller.js": 1714388190641,
  "manifest.json": 1714718042403,
  "controller/App.controller.js": 1713959037815,
  "Component.js": 1713959037815,
  "Component-preload.js": 1714718042875,
  "model/models-dbg.js": 1713959037819,
  "controller/Home-dbg.controller.js": 1714367407414,
  "i18n/i18n.properties": 1713959037819,
  "controller/BaseController-dbg.js": 1714365875397,
  "controller/App-dbg.controller.js": 1713959037815,
  "Component-dbg.js": 1713959037815,
  "view/Home.view.xml": 1714367521900,
  "view/Details.view.xml": 1714371756432,
  "view/App.view.xml": 1713959037819,
  "fragments/Salary.fragment.xml": 1714237421748,
  "fragments/Designation.fragment.xml": 1714237898023,
  "fragments/Department.fragment.xml": 1714237605932,
  "fragments/CreateEmployeeDialog.fragment.xml": 1714386962905,
  "fragments/Address.fragment.xml": 1714232912452,
  "css/style.css": 1713959037819,
  "index.html": 1713959037819
}