{
  "index.html": 1715088470040,
  "controller/App.controller.js": 1713959037815,
  "model/models.js": 1713959037819,
  "controller/Home.controller.js": 1715149215729,
  "controller/Details.controller.js": 1715059896847,
  "controller/BaseController.js": 1715059896847,
  "manifest.json": 1715151669831,
  "Component.js": 1713959037815,
  "Component-preload.js": 1715151670341,
  "Component-dbg.js": 1713959037815,
  "controller/Home-dbg.controller.js": 1715149215729,
  "controller/Details-dbg.controller.js": 1715059896847,
  "controller/BaseController-dbg.js": 1715059896847,
  "controller/App-dbg.controller.js": 1713959037815,
  "model/models-dbg.js": 1713959037819,
  "view/Home.view.xml": 1715059896867,
  "view/Details.view.xml": 1715059896867,
  "view/App.view.xml": 1713959037819,
  "fragments/Salary.fragment.xml": 1715059896863,
  "fragments/Designation.fragment.xml": 1715059896863,
  "fragments/Department.fragment.xml": 1715059896859,
  "fragments/CreateEmployeeDialog.fragment.xml": 1715059896859,
  "fragments/Address.fragment.xml": 1715059896855,
  "css/style.css": 1713959037819,
  "i18n/i18n.properties": 1713959037819
}